match_id,ElapsedTime,SetNo,P1GamesWon,P2GamesWon,SetWinner,GameNo,GameWinner,PointNumber,PointWinner,PointServer,Speed_KMH,Rally,P1Score,P2Score,P1Momentum,P2Momentum,P1PointsWon,P2PointsWon,P1Ace,P2Ace,P1Winner,P2Winner,P1DoubleFault,P2DoubleFault,P1UnfErr,P2UnfErr,P1NetPoint,P2NetPoint,P1NetPointWon,P2NetPointWon,P1BreakPoint,P2BreakPoint,P1BreakPointWon,P2BreakPointWon,P1FirstSrvIn,P2FirstSrvIn,P1FirstSrvWon,P2FirstSrvWon,P1SecondSrvIn,P2SecondSrvIn,P1SecondSrvWon,P2SecondSrvWon,P1ForcedError,P2ForcedError,History,Speed_MPH,P1BreakPointMissed,P2BreakPointMissed,ServeIndicator,Serve_Direction,Winner_FH,Winner_BH,ServingTo,P1TurningPoint,P2TurningPoint,ServeNumber,WinnerType,WinnerShotType,P1DistanceRun,P2DistanceRun,RallyCount,ServeWidth,ServeDepth,ReturnDepth
2022-wimbledon-1701,00:00:00,1,0,0,0,1,0,0X,0,0,0,,0,0,0,0,0,0,0,0,0,0,0,0,0,0,0,0,0,0,0,0,0,0,,,,,,,,,,,,0,0,0,0,,,,,,,0,0,0,0,0,0,,,
2022-wimbledon-1701,00:00:00,1,0,0,0,1,0,0Y,0,0,0,,0,0,0,0,0,0,0,0,0,0,0,0,0,0,0,0,0,0,0,0,0,0,,,,,,,,,,,,0,0,0,0,,,,,,,0,0,0,0,0,0,,,
2022-wimbledon-1701,00:00:00,1,0,0,0,1,0,1,2,1,0,,0,15,1,1,0,1,0,0,0,0,1,0,1,0,0,0,0,0,0,0,0,0,,,,,,,,,,,15000,0,0,0,1,,,,,,,0,0,0,0,0,0,,,
2022-wimbledon-1701,00:00:31,1,0,0,0,1,0,2,1,1,191,,15,15,3,1,1,1,0,0,0,0,0,0,0,0,0,0,0,0,0,0,0,0,,,,,,,,,,,21030,119,0,0,1,,,,,,,1,0,0,0.439,1.192,1,C,NCTL,
2022-wimbledon-1701,00:00:53,1,0,0,0,1,0,3,1,1,167,,30,15,7,1,2,1,1,0,1,0,0,0,0,0,0,0,0,0,0,0,0,0,,,,,,,,,,,13000,104,0,0,1,,,,,,,1,0,0,0.792,1.29,1,W,CTL,
2022-wimbledon-1701,00:01:11,1,0,0,0,1,0,4,2,1,185,,30,30,6,3,2,2,0,0,0,0,0,0,0,0,0,0,0,0,0,0,0,0,,,,,,,,,,,11030,115,0,0,1,,,,,,,1,0,0,39.742,48.252,12,C,NCTL,D
2022-wimbledon-1701,00:01:55,1,0,0,0,1,0,5,1,1,165,,40,30,8,2,3,2,0,0,0,0,0,0,0,0,0,0,0,0,0,0,0,0,,,,,,,,,,,21030,103,0,0,1,,,,,,,1,0,0,6.407,7.692,1,W,CTL,ND
2022-wimbledon-1701,00:02:18,1,1,0,0,1,1,6,1,1,123,,0,0,11,1,4,2,0,0,0,0,0,0,0,1,0,0,0,0,0,0,0,0,,,,,,,,,,,22022,77,0,0,2,,,,,,,2,0,0,3.92,2.832,1,BW,NCTL,D
2022-wimbledon-1701,00:03:17,1,1,0,0,2,0,7,2,2,178,,0,15,9,2,4,3,0,0,0,0,0,0,1,0,0,0,0,0,0,0,0,0,,,,,,,,,,,11020,111,0,0,2,,,,,,,1,0,0,37.754,38.564,11,W,CTL,D
2022-wimbledon-1701,00:03:55,1,1,0,0,2,0,8,2,2,209,,0,30,9,5,4,4,0,0,0,1,0,0,0,0,0,0,0,0,0,0,0,0,,,,,,,,,,,22410,130,0,0,2,,,,,,,1,0,B,52.122,55.774,17,C,NCTL,ND
2022-wimbledon-1701,00:04:45,1,1,0,0,2,0,9,2,2,201,,0,40,9,9,4,5,0,1,0,1,0,0,0,0,0,0,0,0,0,0,0,0,,,,,,,,,,,23000,125,0,0,2,,,,,,,2,0,0,0,0,1,,,
2022-wimbledon-1701,00:05:10,1,1,0,0,2,0,10,1,2,0,,15,40,12,9,5,5,0,0,1,0,0,0,0,0,1,0,1,0,0,0,0,0,,,,,,,,,,,11410,0,0,0,2,,,,,,,1,0,F,12.356,6.452,4,B,NCTL,D
2022-wimbledon-1701,00:05:30,1,1,0,0,2,0,11,1,2,214,,30,40,14,8,6,5,0,0,0,0,0,0,0,0,0,0,0,0,0,0,0,0,,,,,,,,,,,21030,133,0,0,2,,,,,,,1,0,0,9.479,8.072,4,C,NCTL,ND
2022-wimbledon-1701,00:05:55,1,1,1,0,2,2,12,2,2,214,,0,0,12,11,6,6,0,0,0,0,0,0,1,0,0,0,0,0,0,0,0,0,,,,,,,,,,,12022,133,0,0,1,,,,,,,1,0,0,20.477,30.511,5,BC,NCTL,ND
2022-wimbledon-1701,00:06:41,1,1,1,0,3,0,13,1,1,168,,15,0,14,10,7,6,0,0,0,0,0,0,0,0,0,0,0,0,0,0,0,0,,,,,,,,,,,22030,105,0,0,1,,,,,,,1,0,0,59.021,60.009,17,W,NCTL,D
2022-wimbledon-1701,00:07:36,1,1,1,0,3,0,14,2,1,177,,15,15,14,13,7,7,0,0,0,1,0,0,0,0,0,0,0,0,0,0,0,0,,,,,,,,,,,21010,110,0,0,1,,,,,,,1,0,F,40.634,36.705,12,,,
2022-wimbledon-1701,00:08:20,1,1,1,0,3,0,15,1,1,167,,30,15,18,13,8,7,1,0,1,0,0,0,0,0,0,0,0,0,0,0,0,0,,,,,,,,,,,13000,104,0,0,1,,,,,,,1,0,0,0.905,0.682,1,W,CTL,
2022-wimbledon-1701,00:08:45,1,1,1,0,3,0,16,1,1,178,,40,15,20,12,9,7,0,0,0,0,0,0,0,0,0,0,0,0,0,0,0,0,,,,,,,,,,,21030,111,0,0,1,,,,,,,1,0,0,8.065,12.021,3,C,NCTL,ND
2022-wimbledon-1701,00:09:10,1,2,1,0,3,1,17,1,1,173,,0,0,24,11,10,7,0,0,0,0,0,0,0,0,0,0,0,0,0,0,0,0,,,,,,,,,,,21032,108,0,0,2,,,,,,,1,0,0,4.453,4.579,1,BW,NCTL,D
2022-wimbledon-1701,00:10:49,1,2,1,0,4,0,18,2,2,178,,0,15,24,14,10,8,0,0,0,1,0,0,0,0,0,1,0,1,0,0,0,0,,,,,,,,,,,22410,111,0,0,2,,,,,,,1,0,B,1.947,1.881,3,W,NCTL,
2022-wimbledon-1701,00:11:07,1,2,1,0,4,0,19,2,2,172,,0,30,23,16,10,9,0,0,0,0,0,0,0,0,0,0,0,0,0,0,0,0,,,,,,,,,,,12030,107,0,0,2,,,,,,,2,0,0,14.817,13.475,5,C,NCTL,ND
2022-wimbledon-1701,00:11:40,1,2,1,0,4,0,20,2,2,212,,0,40,23,20,10,10,0,1,0,1,0,0,0,0,0,0,0,0,0,0,0,0,,,,,,,,,,,23000,132,0,0,2,,,,,,,1,0,0,0,0,1,,,
2022-wimbledon-1701,00:12:00,1,2,2,0,4,2,21,2,2,207,,0,0,23,26,10,11,0,1,0,1,0,0,0,0,0,0,0,0,0,0,0,0,,,,,,,,,,,23002,129,0,0,1,,,,,,,1,0,0,2.242,4.278,1,W,CTL,
2022-wimbledon-1701,00:12:36,1,2,2,0,5,0,22,1,1,194,,15,0,25,25,11,11,0,0,0,0,0,0,0,0,0,0,0,0,0,0,0,0,,,,,,,,,,,22030,121,0,0,1,,,,,,,1,0,0,9.914,10.509,1,C,NCTL,D
2022-wimbledon-1701,00:12:56,1,2,2,0,5,0,23,2,1,178,,15,15,24,27,11,12,0,0,0,0,0,0,0,0,0,0,0,0,0,0,0,0,,,,,,,,,,,12030,111,0,0,1,,,,,,,1,0,0,18.463,19.213,6,C,NCTL,ND
2022-wimbledon-1701,00:13:33,1,2,2,0,5,0,24,2,1,183,,15,30,22,28,11,13,0,0,0,0,0,0,1,0,0,0,0,0,0,0,0,0,,,,,,,,,,,12020,114,0,0,1,,,,,,,1,0,0,16.598,22.066,8,B,NCTL,ND
2022-wimbledon-1701,00:14:28,1,2,2,0,5,0,25,2,1,125,,15,40,21,30,11,14,0,0,0,0,0,0,0,0,1,0,0,0,0,0,0,0,,,,,,,,,,,11430,78,0,0,1,,,,,,,2,0,0,31.49,38.672,12,B,NCTL,ND
2022-wimbledon-1701,00:15:36,1,2,2,0,5,0,26,1,1,138,,30,40,23,29,12,14,0,0,0,0,0,0,0,0,0,0,0,0,0,1,0,0,,,,,,,,,,,22030,86,0,1,1,,,,,,,2,0,0,10.81,12.818,3,C,NCTL,ND
2022-wimbledon-1701,00:16:20,1,2,3,0,5,2,27,2,1,0,,0,0,17,35,12,15,0,0,0,0,1,0,1,0,0,0,0,0,0,1,0,1,,,,,,,,,,,15001,0,0,1,2,,,,,,,0,0,0,0,0,0,,,
2022-wimbledon-1701,00:18:15,1,2,3,0,6,0,28,2,2,206,,0,15,17,38,12,16,0,0,0,1,0,0,0,0,0,0,0,0,0,0,0,0,,,,,,,,,,,21010,128,0,0,2,,,,,,,1,0,F,4.487,3.936,3,C,NCTL,ND
2022-wimbledon-1701,00:18:48,1,2,3,0,6,0,29,2,2,194,,0,30,17,42,12,17,0,1,0,1,0,0,0,0,0,0,0,0,0,0,0,0,,,,,,,,,,,23000,121,0,0,2,,,,,,,1,0,0,0.774,0.727,1,C,NCTL,
2022-wimbledon-1701,00:19:02,1,2,3,0,6,0,30,2,2,173,,0,40,17,45,12,18,0,0,0,1,0,0,0,0,0,1,0,1,0,0,0,0,,,,,,,,,,,22410,108,0,0,2,,,,,,,2,0,B,7.593,9.324,5,W,CTL,ND
2022-wimbledon-1701,00:19:31,1,2,4,0,6,2,31,2,2,151,,0,0,17,50,12,19,0,0,0,1,0,0,0,0,0,1,0,1,0,0,0,0,,,,,,,,,,,22412,94,0,0,1,,,,,,,2,0,B,7.756,10.543,3,W,NCTL,
2022-wimbledon-1701,00:20:10,1,2,4,0,7,0,32,1,1,181,,15,0,20,50,13,19,0,0,1,0,0,0,0,0,1,0,1,0,0,0,0,0,,,,,,,,,,,11010,113,0,0,1,,,,,,,2,0,F,3.018,4.422,3,C,NCTL,ND
2022-wimbledon-1701,00:20:40,1,2,4,0,7,0,33,1,1,191,,30,0,23,50,14,19,0,0,1,0,0,0,0,0,1,0,1,0,0,0,0,0,,,,,,,,,,,11410,119,0,0,1,,,,,,,1,0,F,8.082,7.213,5,BW,NCTL,
2022-wimbledon-1701,00:21:00,1,2,4,0,7,0,34,1,1,186,,40,0,25,49,15,19,0,0,0,0,0,0,0,0,1,0,1,0,0,0,0,0,,,,,,,,,,,22030,116,0,0,1,,,,,,,1,0,0,11.657,10.598,5,C,NCTL,ND
2022-wimbledon-1701,00:21:22,1,3,4,0,7,1,35,1,1,186,,0,0,31,49,16,19,1,0,1,0,0,0,0,0,0,0,0,0,0,0,0,0,,,,,,,,,,,13002,116,0,0,2,,,,,,,1,0,0,7.442,7.162,1,W,NCTL,
2022-wimbledon-1701,00:23:17,1,3,4,0,8,0,36,2,2,199,,0,15,30,51,16,20,0,0,0,0,0,0,0,0,0,0,0,0,0,0,0,0,,,,,,,,,,,12030,124,0,0,2,,,,,,,1,0,0,0.718,0.929,1,C,NCTL,
2022-wimbledon-1701,00:23:31,1,3,4,0,8,0,37,2,2,194,,0,30,29,53,16,21,0,0,0,0,0,0,0,0,0,0,0,0,0,0,0,0,,,,,,,,,,,12030,121,0,0,2,,,,,,,1,0,0,6.349,7.226,1,W,CTL,ND
2022-wimbledon-1701,00:23:52,1,3,4,0,8,0,38,2,2,218,,0,40,28,55,16,22,0,0,0,0,0,0,0,0,0,0,0,0,0,0,0,0,,,,,,,,,,,12030,136,0,0,2,,,,,,,1,0,0,5.526,5.52,1,C,CTL,D
2022-wimbledon-1701,00:24:08,1,3,5,0,8,2,39,2,2,207,,0,0,28,61,16,23,0,1,0,1,0,0,0,0,0,0,0,0,0,0,0,0,,,,,,,,,,,23002,129,0,0,1,,,,,,,1,0,0,1.4,1.519,1,W,CTL,
2022-wimbledon-1701,00:24:34,1,3,5,0,9,0,40,1,1,167,,15,0,30,60,17,23,0,0,0,0,0,0,0,0,0,0,0,0,0,0,0,0,,,,,,,,,,,21030,104,0,0,1,,,,,,,1,0,0,4.037,4.085,1,W,CTL,D
2022-wimbledon-1701,00:24:55,1,3,5,0,9,0,41,1,1,193,,30,0,32,59,18,23,0,0,0,0,0,0,0,0,0,0,0,0,0,0,0,0,,,,,,,,,,,22030,120,0,0,1,,,,,,,1,0,0,0,0,1,,,
2022-wimbledon-1701,00:25:12,1,3,5,0,9,0,42,1,1,165,,40,0,36,59,19,23,1,0,1,0,0,0,0,0,0,0,0,0,0,0,0,0,,,,,,,,,,,13000,103,0,0,1,,,,,,,1,0,0,0.58,1.004,1,W,CTL,
2022-wimbledon-1701,00:25:41,1,4,5,0,9,1,43,1,1,141,,0,0,41,59,20,23,0,0,1,0,0,0,0,0,0,0,0,0,0,0,0,0,,,,,,,,,,,12012,88,0,0,2,,,,,,,2,0,B,26.407,23.703,7,BW,NCTL,ND
2022-wimbledon-1701,00:27:48,1,4,5,0,10,0,44,2,2,212,,0,15,41,63,20,24,0,1,0,1,0,0,0,0,0,0,0,0,0,0,0,0,,,,,,,,,,,23000,132,0,0,2,,,,,,,1,0,0,0.342,0.523,1,C,NCTL,
2022-wimbledon-1701,00:28:02,1,4,5,0,10,0,45,2,2,196,,0,30,40,65,20,25,0,0,0,0,0,0,0,0,1,0,0,0,0,0,0,0,,,,,,,,,,,12030,122,0,0,2,,,,,,,1,0,0,25.979,30.301,11,C,NCTL,ND
2022-wimbledon-1701,00:28:39,1,4,5,0,10,0,46,1,2,214,,15,30,41,63,21,25,0,0,0,0,0,0,0,1,0,0,0,0,0,0,0,0,,,,,,,,,,,22020,133,0,0,2,,,,,,,1,0,0,9.61,9.064,4,BC,NCTL,ND
2022-wimbledon-1701,00:29:14,1,4,5,0,10,0,47,1,2,194,,30,30,42,61,22,25,0,0,0,0,0,0,0,1,0,1,0,0,0,0,0,0,,,,,,,,,,,22420,121,0,0,2,,,,,,,1,0,0,1.237,1.564,2,W,CTL,
2022-wimbledon-1701,00:29:40,1,4,5,0,10,0,48,2,2,196,,30,40,41,63,22,26,0,0,0,0,0,0,0,0,0,0,0,0,0,0,0,0,,,,,,,,,,,12030,122,0,0,2,,,,,,,2,0,0,0.685,0.681,1,C,NCTL,
2022-wimbledon-1701,00:30:20,1,4,5,0,10,0,49,1,2,183,,40,40,42,61,23,26,0,0,0,0,0,0,0,1,0,0,0,0,0,0,0,0,,,,,,,,,,,22020,114,0,0,2,,,,,,,2,0,0,3.779,3.406,2,C,NCTL,ND
2022-wimbledon-1701,00:30:55,1,4,5,0,10,0,50,2,2,210,,40,AD,42,64,23,27,0,0,0,1,0,0,0,0,0,0,0,0,0,0,0,0,,,,,,,,,,,24000,131,0,0,2,,,,,,,1,S,0,0,0,1,,,
2022-wimbledon-1701,00:31:18,1,4,6,2,10,2,51,2,2,202,,0,0,39,73,23,28,0,1,0,1,0,0,0,0,0,0,0,0,0,0,0,0,,,,,,,,,,,23003,126,0,0,1,,,,,,,1,0,0,1.021,0.787,1,C,NCTL,
2022-wimbledon-1701,00:33:28,2,0,0,0,1,0,52,1,1,157,,15,0,41,72,24,28,0,0,0,0,0,0,0,0,1,0,1,0,0,0,0,0,,,,,,,,,,,22030,98,0,0,1,,,,,,,2,0,0,5.709,6.314,3,B,NCTL,ND
2022-wimbledon-1701,00:34:08,2,0,0,0,1,0,53,1,1,178,,30,0,43,71,25,28,0,0,0,0,0,0,0,0,0,0,0,0,0,0,0,0,,,,,,,,,,,21030,111,0,0,1,,,,,,,1,0,0,0.622,1.032,1,C,NCTL,
2022-wimbledon-1701,00:34:24,2,0,0,0,1,0,54,1,1,189,,40,0,45,70,26,28,0,0,0,0,0,0,0,0,0,0,0,0,0,0,0,0,,,,,,,,,,,22030,118,0,0,1,,,,,,,1,0,0,0.725,0.292,1,C,NCTL,
2022-wimbledon-1701,00:34:43,2,1,0,0,1,1,55,1,1,186,,0,0,51,70,27,28,1,0,1,0,0,0,0,0,0,0,0,0,0,0,0,0,,,,,,,,,,,13002,116,0,0,2,,,,,,,1,0,0,4.706,6.713,1,C,CTL,D
2022-wimbledon-1701,00:35:33,2,1,0,0,2,0,56,1,2,185,,15,0,53,69,28,28,0,0,0,0,0,0,0,0,0,1,0,0,0,0,0,0,,,,,,,,,,,22430,115,0,0,2,,,,,,,1,0,0,5.478,4.849,2,BW,NCTL,ND
2022-wimbledon-1701,00:35:50,2,1,0,0,2,0,57,2,2,199,,15,15,53,73,28,29,0,1,0,1,0,0,0,0,0,0,0,0,0,0,0,0,,,,,,,,,,,23000,124,0,0,2,,,,,,,1,0,0,0.552,0.8,1,W,CTL,
2022-wimbledon-1701,00:36:20,2,1,0,0,2,0,58,2,2,209,,15,30,53,77,28,30,0,1,0,1,0,0,0,0,0,0,0,0,0,0,0,0,,,,,,,,,,,23000,130,0,0,2,,,,,,,1,0,0,0,0,1,,,
2022-wimbledon-1701,00:36:37,2,1,0,0,2,0,59,2,2,214,,15,40,53,81,28,31,0,1,0,1,0,0,0,0,0,0,0,0,0,0,0,0,,,,,,,,,,,23000,133,0,0,2,,,,,,,1,0,0,0.423,0.955,1,C,NCTL,
2022-wimbledon-1701,00:37:10,2,1,0,0,2,0,60,1,2,201,,30,40,56,81,29,31,0,0,1,0,0,0,0,0,0,0,0,0,0,0,0,0,,,,,,,,,,,12010,125,0,0,2,,,,,,,1,0,B,4.298,4.246,2,C,NCTL,D
2022-wimbledon-1701,00:37:46,2,1,1,0,2,2,61,2,2,209,,0,0,55,85,29,32,0,0,0,0,0,0,0,0,0,0,0,0,0,0,0,0,,,,,,,,,,,12032,130,0,0,1,,,,,,,1,0,0,5.268,8.218,1,W,CTL,ND
2022-wimbledon-1701,00:38:22,2,1,1,0,3,0,62,1,1,186,,15,0,57,84,30,32,0,0,0,0,0,0,0,0,1,0,1,0,0,0,0,0,,,,,,,,,,,21030,116,0,0,1,,,,,,,1,0,0,15.642,17.457,3,C,NCTL,ND
2022-wimbledon-1701,00:38:46,2,1,1,0,3,0,63,2,1,194,,15,15,57,87,30,33,0,0,0,1,0,0,0,0,1,0,0,0,0,0,0,0,,,,,,,,,,,22010,121,0,0,1,,,,,,,1,0,B,7.833,6.992,4,BW,NCTL,ND
2022-wimbledon-1701,00:39:13,2,1,1,0,3,0,64,1,1,154,,30,15,59,86,31,33,0,0,0,0,0,0,0,0,0,0,0,0,0,0,0,0,,,,,,,,,,,21030,96,0,0,1,,,,,,,2,0,0,0.84,1.08,1,W,CTL,
2022-wimbledon-1701,00:39:47,2,1,1,0,3,0,65,2,1,162,,30,30,57,87,31,34,0,0,0,0,0,0,1,0,0,0,0,0,0,0,0,0,,,,,,,,,,,11020,101,0,0,1,,,,,,,2,0,0,30.961,32.364,12,C,NCTL,ND
2022-wimbledon-1701,00:40:42,2,1,1,0,3,0,66,1,1,194,,40,30,59,86,32,34,0,0,0,0,0,0,0,0,0,0,0,0,0,0,0,0,,,,,,,,,,,22030,121,0,0,1,,,,,,,1,0,0,67.502,80.471,23,C,NCTL,D
2022-wimbledon-1701,00:41:50,2,2,1,0,3,1,67,1,1,185,,0,0,64,86,33,34,0,0,1,0,0,0,0,0,0,0,0,0,0,0,0,0,,,,,,,,,,,12012,115,0,0,2,,,,,,,1,0,B,58.512,66.498,19,C,NCTL,ND
2022-wimbledon-1701,00:44:18,2,2,1,0,4,0,68,1,2,172,,15,0,66,85,34,34,0,0,0,0,0,0,0,0,0,0,0,0,0,0,0,0,,,,,,,,,,,21030,107,0,0,2,,,,,,,1,0,0,4.97,3.016,2,W,CTL,D
2022-wimbledon-1701,00:44:34,2,2,1,0,4,0,69,1,2,207,,30,0,67,83,35,34,0,0,0,0,0,0,0,1,0,0,0,0,0,0,0,0,,,,,,,,,,,21020,129,0,0,2,,,,,,,1,0,0,11.169,10.161,4,C,NCTL,D
2022-wimbledon-1701,00:44:59,2,2,1,0,4,0,70,1,2,193,,40,0,70,83,36,34,0,0,1,0,0,0,0,0,1,0,1,0,0,0,0,0,,,,,,,,,,,12010,120,0,0,2,,,,,,,1,0,B,36.037,32.053,12,W,CTL,D
2022-wimbledon-1701,00:45:48,2,3,1,0,4,1,71,1,2,204,,0,0,77,81,37,34,0,0,1,0,0,0,0,0,0,0,0,0,1,0,1,0,,,,,,,,,,,12011,127,1,0,1,,,,,,,1,0,B,19.175,18.785,6,C,NCTL,D
2022-wimbledon-1701,00:46:35,2,3,1,0,5,0,72,1,1,152,,15,0,79,80,38,34,0,0,0,0,0,0,0,0,0,0,0,0,0,0,0,0,,,,,,,,,,,21030,95,0,0,1,,,,,,,2,0,0,0.903,0.99,1,B,NCTL,
2022-wimbledon-1701,00:47:07,2,3,1,0,5,0,73,1,1,191,,30,0,83,80,39,34,1,0,1,0,0,0,0,0,0,0,0,0,0,0,0,0,,,,,,,,,,,13000,119,0,0,1,,,,,,,1,0,0,0.573,0.698,1,W,CTL,
2022-wimbledon-1701,00:47:24,2,3,1,0,5,0,74,2,1,0,,30,15,79,81,39,35,0,0,0,0,1,0,1,0,0,0,0,0,0,0,0,0,,,,,,,,,,,15000,0,0,0,1,,,,,,,0,0,0,0.64,0.862,0,BW,CTL,
2022-wimbledon-1701,00:47:56,2,3,1,0,5,0,75,1,1,188,,40,15,81,80,40,35,0,0,0,0,0,0,0,0,0,0,0,0,0,0,0,0,,,,,,,,,,,21030,117,0,0,1,,,,,,,1,0,0,4.211,5.884,1,C,CTL,ND
2022-wimbledon-1701,00:48:27,2,3,1,0,5,0,76,2,1,191,,40,30,81,83,40,36,0,0,0,1,0,0,0,0,0,0,0,0,0,0,0,0,,,,,,,,,,,22010,119,0,0,1,,,,,,,1,0,B,22.647,22.571,8,C,NCTL,ND
2022-wimbledon-1701,00:49:02,2,3,1,0,5,0,77,2,1,133,,40,40,81,86,40,37,0,0,0,1,0,0,0,0,0,1,0,1,0,0,0,0,,,,,,,,,,,21510,83,0,0,1,,,,,,,2,0,F,37.38,42.434,16,B,NCTL,ND
2022-wimbledon-1701,00:50:39,2,3,1,0,5,0,78,1,1,136,,AD,40,82,84,41,37,0,0,0,0,0,0,0,1,0,0,0,0,0,0,0,0,,,,,,,,,,,21020,85,0,0,1,,,,,,,2,0,0,13.496,15.423,5,BC,NCTL,ND
2022-wimbledon-1701,00:51:22,2,4,1,0,5,1,79,1,1,148,,0,0,85,82,42,37,0,0,0,0,0,0,0,1,0,0,0,0,0,0,0,0,,,,,,,,,,,22022,92,0,0,2,,,,,,,2,0,0,27.415,26.05,7,BW,NCTL,D
2022-wimbledon-1701,00:53:41,2,4,1,0,6,0,80,2,2,202,,0,15,84,84,42,38,0,0,0,0,0,0,0,0,0,0,0,0,0,0,0,0,,,,,,,,,,,12030,126,0,0,2,,,,,,,1,0,0,0,0,1,,,
2022-wimbledon-1701,00:53:55,2,4,1,0,6,0,81,1,2,0,,15,15,85,80,43,38,0,0,0,0,0,1,0,1,0,0,0,0,0,0,0,0,,,,,,,,,,,25000,0,0,0,2,,,,,,,0,0,0,4.607,4.179,0,W,CTL,ND
2022-wimbledon-1701,00:54:25,2,4,1,0,6,0,82,2,2,201,,15,30,84,82,43,39,0,0,0,0,0,0,0,0,0,0,0,0,0,0,0,0,,,,,,,,,,,12030,125,0,0,2,,,,,,,1,0,0,5.206,5.307,1,C,NCTL,D
2022-wimbledon-1701,00:54:41,2,4,1,0,6,0,83,2,2,185,,15,40,83,84,43,40,0,0,0,0,0,0,0,0,0,0,0,0,0,0,0,0,,,,,,,,,,,12030,115,0,0,2,,,,,,,2,0,0,5.903,6.754,3,C,NCTL,ND
2022-wimbledon-1701,00:55:16,2,4,2,0,6,2,84,2,2,172,,0,0,83,90,43,41,0,1,0,1,0,0,0,0,0,0,0,0,0,0,0,0,,,,,,,,,,,23002,107,0,0,1,,,,,,,1,0,0,0.757,0.773,1,W,CTL,
2022-wimbledon-1701,00:56:05,2,4,2,0,7,0,85,2,1,197,,0,15,82,92,43,42,0,0,0,0,0,0,0,0,0,0,0,0,0,0,0,0,,,,,,,,,,,11030,123,0,0,1,,,,,,,1,0,0,34.925,39.615,12,BC,CTL,ND
2022-wimbledon-1701,00:56:48,2,4,2,0,7,0,86,1,1,143,,15,15,84,91,44,42,0,0,0,0,0,0,0,0,0,0,0,0,0,0,0,0,,,,,,,,,,,22030,89,0,0,1,,,,,,,2,0,0,5.218,5.594,1,B,NCTL,ND
2022-wimbledon-1701,00:57:24,2,4,2,0,7,0,87,2,1,168,,15,30,84,94,44,43,0,0,0,1,0,0,0,0,0,0,0,0,0,0,0,0,,,,,,,,,,,21010,105,0,0,1,,,,,,,1,0,F,0.435,0.795,2,W,NCTL,
2022-wimbledon-1701,00:57:54,2,4,2,0,7,0,88,1,1,188,,30,30,86,93,45,43,0,0,0,0,0,0,0,0,0,0,0,0,0,0,0,0,,,,,,,,,,,21030,117,0,0,1,,,,,,,1,0,0,0.537,1.062,1,C,NCTL,
2022-wimbledon-1701,00:58:18,2,4,2,0,7,0,89,1,1,172,,40,30,89,93,46,43,0,0,1,0,0,0,0,0,0,0,0,0,0,0,0,0,,,,,,,,,,,14000,107,0,0,1,,,,,,,1,S,0,0,0,1,,,
2022-wimbledon-1701,00:58:40,2,5,2,0,7,1,90,1,1,151,,0,0,92,91,47,43,0,0,0,0,0,0,0,1,0,0,0,0,0,0,0,0,,,,,,,,,,,22022,94,0,0,2,,,,,,,2,0,0,8.913,9.221,5,C,NCTL,D
2022-wimbledon-1701,01:00:46,2,5,2,0,8,0,91,1,2,197,,15,0,93,89,48,43,0,0,0,0,0,0,0,1,0,0,0,0,0,0,0,0,,,,,,,,,,,22020,123,0,0,2,,,,,,,2,0,0,18.821,20.412,6,C,NCTL,
2022-wimbledon-1701,01:01:19,2,5,2,0,8,0,92,2,2,191,,15,15,92,91,48,44,0,0,0,0,0,0,0,0,0,0,0,0,0,0,0,0,,,,,,,,,,,12030,119,0,0,2,,,,,,,2,0,0,13.734,10.707,3,C,NCTL,ND
2022-wimbledon-1701,01:01:48,2,5,2,0,8,0,93,2,2,183,,15,30,92,95,48,45,0,1,0,1,0,0,0,0,0,0,0,0,0,0,0,0,,,,,,,,,,,23000,114,0,0,2,,,,,,,1,0,0,0.673,1.032,1,W,CTL,
2022-wimbledon-1701,01:02:07,2,5,2,0,8,0,94,1,2,160,,30,30,94,94,49,45,0,0,0,0,0,0,0,0,0,0,0,0,0,0,0,0,,,,,,,,,,,21030,100,0,0,2,,,,,,,2,0,0,15.582,18.818,6,BW,NCTL,D
2022-wimbledon-1701,01:02:44,2,5,2,0,8,0,95,2,2,177,,30,40,94,98,49,46,0,1,0,1,0,0,0,0,0,0,0,0,0,0,0,0,,,,,,,,,,,23000,110,0,0,2,,,,,,,1,0,0,0,0,1,,,
2022-wimbledon-1701,01:03:03,2,5,3,0,8,2,96,2,2,173,,0,0,93,102,49,47,0,0,0,0,0,0,0,0,0,0,0,0,0,0,0,0,,,,,,,,,,,11032,108,0,0,1,,,,,,,2,0,0,7.778,8.131,1,C,NCTL,D
2022-wimbledon-1701,01:03:49,2,5,3,0,9,0,97,2,1,0,,0,15,89,103,49,48,0,0,0,0,1,0,1,0,0,0,0,0,0,0,0,0,,,,,,,,,,,15000,0,0,0,1,,,,,,,0,0,0,1.057,1.497,0,BC,CTL,
2022-wimbledon-1701,01:04:23,2,5,3,0,9,0,98,2,1,191,,0,30,89,106,49,49,0,0,0,1,0,0,0,0,0,0,0,0,0,0,0,0,,,,,,,,,,,21010,119,0,0,1,,,,,,,1,0,F,28.058,39.467,8,BW,NCTL,ND
2022-wimbledon-1701,01:05:16,2,5,3,0,9,0,99,2,1,154,,0,40,88,108,49,50,0,0,0,0,0,0,0,0,0,0,0,0,0,0,0,0,,,,,,,,,,,11030,96,0,0,1,,,,,,,2,0,0,9.058,15.182,4,BW,NCTL,D
2022-wimbledon-1701,01:06:19,2,5,3,0,9,0,100,1,1,185,,15,40,90,107,50,50,0,0,0,0,0,0,0,0,0,0,0,0,0,1,0,0,,,,,,,,,,,21030,115,0,1,1,,,,,,,1,0,0,0.622,0.796,1,C,NCTL,
2022-wimbledon-1701,01:06:44,2,5,3,0,9,0,101,1,1,168,,30,40,92,106,51,50,0,0,0,0,0,0,0,0,0,0,0,0,0,1,0,0,,,,,,,,,,,21030,105,0,1,1,,,,,,,1,0,0,4.548,4.118,1,BW,NCTL,D
2022-wimbledon-1701,01:07:12,2,5,3,0,9,0,102,1,1,185,,40,40,93,104,52,50,0,0,0,0,0,0,0,1,0,0,0,0,0,1,0,0,,,,,,,,,,,22020,115,0,1,1,,,,,,,1,0,0,11.996,15.463,5,C,NCTL,D
2022-wimbledon-1701,01:07:51,2,5,3,0,9,0,103,2,1,197,,40,AD,91,105,52,51,0,0,0,0,0,0,1,0,0,0,0,0,0,0,0,0,,,,,,,,,,,11020,123,0,0,1,,,,,,,1,0,0,13.092,12.226,4,C,NCTL,D
2022-wimbledon-1701,01:08:37,2,5,3,0,9,0,104,1,1,152,,40,40,93,104,53,51,0,0,0,0,0,0,0,0,0,0,0,0,0,1,0,0,,,,,,,,,,,21030,95,0,1,1,,,,,,,2,0,0,46.609,59.731,13,C,NCTL,ND
2022-wimbledon-1701,01:09:52,2,5,3,0,9,0,105,1,1,172,,AD,40,95,103,54,51,0,0,0,0,0,0,0,0,0,0,0,0,0,0,0,0,,,,,,,,,,,21030,107,0,0,1,,,,,,,1,0,0,28.326,36.606,9,W,CTL,ND
2022-wimbledon-1701,01:10:32,2,6,3,1,9,1,106,1,1,191,,0,0,102,99,55,51,0,0,0,0,0,0,0,0,0,0,0,0,0,0,0,0,,,,,,,,,,,22033,119,0,0,2,,,,,,,1,0,0,0.718,0.551,1,W,NCTL,
2022-wimbledon-1701,01:13:08,3,0,0,0,1,0,107,2,2,196,,0,15,101,101,55,52,0,0,0,0,0,0,0,0,0,0,0,0,0,0,0,0,,,,,,,,,,,11030,122,0,0,2,,,,,,,2,0,0,26.866,25.194,5,C,NCTL,D
2022-wimbledon-1701,01:13:46,3,0,0,0,1,0,108,1,2,0,,15,15,103,100,56,52,0,0,0,0,0,0,0,0,0,0,0,0,0,0,0,0,,,,,,,,,,,21030,0,0,0,2,,,,,,,1,0,0,18.408,24.158,4,C,NCTL,ND
2022-wimbledon-1701,01:14:18,3,0,0,0,1,0,109,1,2,204,,30,15,104,98,57,52,0,0,0,0,0,0,0,1,0,0,0,0,0,0,0,0,,,,,,,,,,,22020,127,0,0,2,,,,,,,1,0,0,8.372,8.442,4,C,NCTL,D
2022-wimbledon-1701,01:14:40,3,0,0,0,1,0,110,2,2,202,,30,30,104,101,57,53,0,0,0,1,0,0,0,0,0,0,0,0,0,0,0,0,,,,,,,,,,,24000,126,0,0,2,,,,,,,1,S,0,11.276,6.794,1,C,NCTL,D
2022-wimbledon-1701,01:15:07,3,0,0,0,1,0,111,1,2,199,,40,30,106,100,58,53,0,0,0,0,0,0,0,0,0,0,0,0,0,0,0,0,,,,,,,,,,,21030,124,0,0,2,,,,,,,1,0,0,61.892,60.594,18,C,NCTL,ND
2022-wimbledon-1701,01:15:59,3,0,0,0,1,0,112,2,2,199,,40,40,106,103,58,54,0,0,0,1,0,0,0,0,0,1,0,1,1,0,0,0,,,,,,,,,,,22410,124,1,0,2,,,,,,,1,0,B,20.713,17.187,7,W,CTL,D
2022-wimbledon-1701,01:16:49,3,0,0,0,1,0,113,1,2,210,,AD,40,109,103,59,54,0,0,1,0,0,0,0,0,0,0,0,0,0,0,0,0,,,,,,,,,,,11010,131,0,0,2,,,,,,,1,0,F,17.895,16.184,6,C,NCTL,D
2022-wimbledon-1701,01:17:26,3,0,0,0,1,0,114,2,2,206,,40,40,109,106,59,55,0,0,0,1,0,0,0,0,1,0,0,0,1,0,0,0,,,,,,,,,,,22410,128,1,0,2,,,,,,,1,0,B,15.663,11.562,5,C,NCTL,ND
2022-wimbledon-1701,01:18:07,3,0,0,0,1,0,115,2,2,194,,40,AD,108,108,59,56,0,0,0,0,0,0,0,0,0,0,0,0,0,0,0,0,,,,,,,,,,,11030,121,0,0,2,,,,,,,1,0,0,25.444,25.186,7,C,CTL,D
2022-wimbledon-1701,01:18:51,3,0,1,0,1,2,116,2,2,202,,0,0,108,114,59,57,0,1,0,1,0,0,0,0,0,0,0,0,0,0,0,0,,,,,,,,,,,23002,126,0,0,1,,,,,,,1,0,0,0.532,0.778,1,C,NCTL,
2022-wimbledon-1701,01:20:03,3,0,1,0,2,0,117,2,1,185,,0,15,108,117,59,58,0,0,0,1,0,0,0,0,0,1,0,1,0,0,0,0,,,,,,,,,,,22410,115,0,0,1,,,,,,,1,0,B,25.352,29.34,8,BC,NCTL,ND
2022-wimbledon-1701,01:20:44,3,0,1,0,2,0,118,1,1,173,,15,15,111,117,60,58,0,0,1,0,0,0,0,0,0,0,0,0,0,0,0,0,,,,,,,,,,,11010,108,0,0,1,,,,,,,2,0,F,2.673,4.63,3,BC,NCTL,ND
2022-wimbledon-1701,01:21:22,3,0,1,0,2,0,119,1,1,194,,30,15,115,117,61,58,1,0,1,0,0,0,0,0,0,0,0,0,0,0,0,0,,,,,,,,,,,13000,121,0,0,1,,,,,,,1,0,0,4.344,4.933,1,C,NCTL,
2022-wimbledon-1701,01:21:43,3,0,1,0,2,0,120,2,1,138,,30,30,113,118,61,59,0,0,0,0,0,0,1,0,0,0,0,0,0,0,0,0,,,,,,,,,,,12020,86,0,0,1,,,,,,,2,0,0,14.375,14.866,6,BW,NCTL,D
2022-wimbledon-1701,01:22:30,3,0,1,0,2,0,121,1,1,189,,40,30,115,117,62,59,0,0,0,0,0,0,0,0,0,1,0,0,0,0,0,0,,,,,,,,,,,21030,118,0,0,1,,,,,,,1,0,0,27.994,40.445,11,BC,NCTL,ND
2022-wimbledon-1701,01:23:11,3,1,1,0,2,1,122,1,1,189,,0,0,119,116,63,59,0,0,0,0,0,0,0,0,0,0,0,0,0,0,0,0,,,,,,,,,,,22032,118,0,0,2,,,,,,,1,0,0,5.597,7.003,3,C,NCTL,D
2022-wimbledon-1701,01:23:59,3,1,1,0,3,0,123,2,2,202,,0,15,119,119,63,60,0,0,0,1,0,0,0,0,0,0,0,0,0,0,0,0,,,,,,,,,,,24000,126,0,0,2,,,,,,,1,S,0,0,0,1,,,
2022-wimbledon-1701,01:24:15,3,1,1,0,3,0,124,1,2,206,,15,15,121,118,64,60,0,0,0,0,0,0,0,0,0,0,0,0,0,0,0,0,,,,,,,,,,,21030,128,0,0,2,,,,,,,1,0,0,21.908,15.717,4,W,CTL,D
2022-wimbledon-1701,01:24:49,3,1,1,0,3,0,125,2,2,207,,15,30,121,121,64,61,0,0,0,1,0,0,0,0,0,0,0,0,0,0,0,0,,,,,,,,,,,22010,129,0,0,2,,,,,,,1,0,B,9.19,8.218,3,C,NCTL,D
2022-wimbledon-1701,01:25:32,3,1,1,0,3,0,126,2,2,181,,15,40,120,123,64,62,0,0,0,0,0,0,0,0,0,1,0,1,0,0,0,0,,,,,,,,,,,11030,113,0,0,2,,,,,,,2,0,0,18.042,17.077,5,C,NCTL,ND
2022-wimbledon-1701,01:26:15,3,1,1,0,3,0,127,1,2,0,,30,40,121,119,65,62,0,0,0,0,0,1,0,1,0,0,0,0,0,0,0,0,,,,,,,,,,,25000,0,0,0,2,,,,,,,0,0,0,4.979,6.094,0,BC,CTL,
2022-wimbledon-1701,01:26:59,3,1,1,0,3,0,128,1,2,199,,40,40,124,119,66,62,0,0,1,0,0,0,0,0,0,0,0,0,0,0,0,0,,,,,,,,,,,11010,124,0,0,2,,,,,,,1,0,F,9.781,6.087,4,W,CTL,D
2022-wimbledon-1701,01:27:39,3,1,1,0,3,0,129,2,2,201,,40,AD,123,121,66,63,0,0,0,0,0,0,0,0,0,0,0,0,0,0,0,0,,,,,,,,,,,12030,125,0,0,2,,,,,,,2,0,0,7.949,8.651,1,C,NCTL,ND
2022-wimbledon-1701,01:28:23,3,1,2,0,3,2,130,2,2,207,,0,0,123,127,66,64,0,1,0,1,0,0,0,0,0,0,0,0,0,0,0,0,,,,,,,,,,,23002,129,0,0,1,,,,,,,1,0,0,0.82,0.442,1,C,NCTL,
2022-wimbledon-1701,01:30:54,3,1,2,0,4,0,131,2,1,144,,0,15,123,130,66,65,0,0,0,1,0,0,0,0,0,0,0,0,0,0,0,0,,,,,,,,,,,21410,90,0,0,1,,,,,,,2,0,F,12.787,12.258,6,C,NCTL,D
2022-wimbledon-1701,01:31:42,3,1,2,0,4,0,132,1,1,193,,15,15,127,130,67,65,1,0,1,0,0,0,0,0,0,0,0,0,0,0,0,0,,,,,,,,,,,13000,120,0,0,1,,,,,,,1,0,0,0.891,0.75,1,W,CTL,
2022-wimbledon-1701,01:32:03,3,1,2,0,4,0,133,1,1,193,,30,15,129,129,68,65,0,0,0,0,0,0,0,0,0,0,0,0,0,0,0,0,,,,,,,,,,,22030,120,0,0,1,,,,,,,1,0,0,14.297,12.736,1,C,NCTL,ND
2022-wimbledon-1701,01:32:34,3,1,2,0,4,0,134,1,1,181,,40,15,132,129,69,65,0,0,1,0,0,0,0,0,0,0,0,0,0,0,0,0,,,,,,,,,,,12010,113,0,0,1,,,,,,,1,0,B,32.771,35.99,11,C,NCTL,D
2022-wimbledon-1701,01:33:14,3,2,2,0,4,1,135,1,1,175,,0,0,136,128,70,65,0,0,0,0,0,0,0,0,0,0,0,0,0,0,0,0,,,,,,,,,,,21032,109,0,0,2,,,,,,,1,0,0,2.02,3.142,1,W,CTL,D
2022-wimbledon-1701,01:33:56,3,2,2,0,5,0,136,2,2,181,,0,15,135,130,70,66,0,0,0,0,0,0,0,0,1,0,0,0,0,0,0,0,,,,,,,,,,,11430,113,0,0,2,,,,,,,1,0,0,28.096,28.357,7,W,NCTL,ND
2022-wimbledon-1701,01:34:41,3,2,2,0,5,0,137,1,2,196,,15,15,136,128,71,66,0,0,0,0,0,0,0,1,1,0,1,0,0,0,0,0,,,,,,,,,,,21020,122,0,0,2,,,,,,,1,0,0,27.612,33.366,8,C,NCTL,
2022-wimbledon-1701,01:35:24,3,2,2,0,5,0,138,2,2,183,,15,30,135,130,71,67,0,0,0,0,0,0,0,0,0,0,0,0,0,0,0,0,,,,,,,,,,,11030,114,0,0,2,,,,,,,1,0,0,0,0,1,,,
2022-wimbledon-1701,01:35:59,3,2,2,0,5,0,139,2,2,162,,15,40,135,133,71,68,0,0,0,1,0,0,0,0,0,0,0,0,0,0,0,0,,,,,,,,,,,21010,101,0,0,2,,,,,,,2,0,F,18.652,17.551,7,BW,NCTL,D
2022-wimbledon-1701,01:36:43,3,2,2,0,5,0,140,1,2,180,,30,40,136,131,72,68,0,0,0,0,0,0,0,1,0,1,0,0,0,0,0,0,,,,,,,,,,,22020,112,0,0,2,,,,,,,2,0,0,3.179,2.492,2,B,NCTL,ND
2022-wimbledon-1701,01:37:35,3,2,2,0,5,0,141,1,2,0,,40,40,137,127,73,68,0,0,0,0,0,1,0,1,0,0,0,0,0,0,0,0,,,,,,,,,,,25000,0,0,0,2,,,,,,,0,0,0,0,0,0,,,
2022-wimbledon-1701,01:38:31,3,2,2,0,5,0,142,2,2,194,,40,AD,137,131,73,69,0,1,0,1,0,0,0,0,0,0,0,0,0,0,0,0,,,,,,,,,,,23000,121,0,0,2,,,,,,,1,0,0,0,0,1,,,
2022-wimbledon-1701,01:39:03,3,2,3,0,5,2,143,2,2,201,,0,0,137,137,73,70,0,1,0,1,0,0,0,0,0,0,0,0,0,0,0,0,,,,,,,,,,,23002,125,0,0,1,,,,,,,1,0,0,0.327,0.896,1,C,NCTL,
2022-wimbledon-1701,01:41:19,3,2,3,0,6,0,144,1,1,165,,15,0,140,137,74,70,0,0,1,0,0,0,0,0,1,0,1,0,0,0,0,0,,,,,,,,,,,12010,103,0,0,1,,,,,,,1,0,B,28.779,29.82,9,W,CTL,D
2022-wimbledon-1701,01:41:57,3,2,3,0,6,0,145,1,1,188,,30,0,141,135,75,70,0,0,0,0,0,0,0,1,0,0,0,0,0,0,0,0,,,,,,,,,,,21020,117,0,0,1,,,,,,,1,0,0,5.378,6.163,3,BW,NCTL,D
2022-wimbledon-1701,01:42:19,3,2,3,0,6,0,146,1,1,193,,40,0,143,134,76,70,0,0,0,0,0,0,0,0,0,0,0,0,0,0,0,0,,,,,,,,,,,21030,120,0,0,1,,,,,,,1,0,0,8.161,7.982,3,C,NCTL,D
2022-wimbledon-1701,01:42:45,3,2,3,0,6,0,147,2,1,0,,40,15,139,135,76,71,0,0,0,0,1,0,1,0,0,0,0,0,0,0,0,0,,,,,,,,,,,15000,0,0,0,1,,,,,,,0,0,0,1.077,0.984,0,W,CTL,
2022-wimbledon-1701,01:43:20,3,3,3,0,6,1,148,1,1,168,,0,0,144,135,77,71,0,0,1,0,0,0,0,0,0,0,0,0,0,0,0,0,,,,,,,,,,,12012,105,0,0,2,,,,,,,1,0,B,7.897,11.682,3,W,CTL,ND
2022-wimbledon-1701,01:44:10,3,3,3,0,7,0,149,2,2,191,,0,15,144,139,77,72,0,1,0,1,0,0,0,0,0,0,0,0,0,0,0,0,,,,,,,,,,,23000,119,0,0,2,,,,,,,1,0,0,10.904,7.74,1,W,CTL,D
2022-wimbledon-1701,01:44:39,3,3,3,0,7,0,150,1,2,0,,15,15,145,135,78,72,0,0,0,0,0,1,0,1,0,0,0,0,0,0,0,0,,,,,,,,,,,25000,0,0,0,2,,,,,,,0,0,0,0,0,0,,,
2022-wimbledon-1701,01:45:11,3,3,3,0,7,0,151,1,2,191,,30,15,148,135,79,72,0,0,1,0,0,0,0,0,0,0,0,0,0,0,0,0,,,,,,,,,,,11010,119,0,0,2,,,,,,,1,0,F,8.569,9.47,4,BW,NCTL,D
2022-wimbledon-1701,01:45:42,3,3,3,0,7,0,152,2,2,202,,30,30,148,139,79,73,0,1,0,1,0,0,0,0,0,0,0,0,0,0,0,0,,,,,,,,,,,23000,126,0,0,2,,,,,,,1,0,0,0.401,0.911,1,C,NCTL,
2022-wimbledon-1701,01:46:22,3,3,3,0,7,0,153,2,2,210,,30,40,148,143,79,74,0,1,0,1,0,0,0,0,0,0,0,0,0,0,0,0,,,,,,,,,,,23000,131,0,0,2,,,,,,,1,0,0,0.611,0.62,1,C,NCTL,
2022-wimbledon-1701,01:47:05,3,3,4,0,7,2,154,2,2,188,,0,0,147,147,79,75,0,0,0,0,0,0,0,0,0,0,0,0,0,0,0,0,,,,,,,,,,,12032,117,0,0,1,,,,,,,1,0,0,7.364,8.753,1,W,CTL,ND
2022-wimbledon-1701,01:49:00,3,3,4,0,8,0,155,1,1,175,,15,0,151,147,80,75,1,0,1,0,0,0,0,0,0,0,0,0,0,0,0,0,,,,,,,,,,,13000,109,0,0,1,,,,,,,1,0,0,0.634,0.859,1,W,CTL,
2022-wimbledon-1701,01:49:17,3,3,4,0,8,0,156,1,1,135,,30,0,154,147,81,75,0,0,1,0,0,0,0,0,0,0,0,0,0,0,0,0,,,,,,,,,,,11010,84,0,0,1,,,,,,,2,0,F,12.728,10.693,5,B,NCTL,ND
2022-wimbledon-1701,01:49:55,3,3,4,0,8,0,157,1,1,194,,40,0,156,146,82,75,0,0,0,0,0,0,0,0,0,0,0,0,0,0,0,0,,,,,,,,,,,22030,121,0,0,1,,,,,,,1,0,0,0.773,0.264,1,C,CTL,
2022-wimbledon-1701,01:50:12,3,4,4,0,8,1,158,1,1,133,,0,0,160,145,83,75,0,0,0,0,0,0,0,0,0,0,0,0,0,0,0,0,,,,,,,,,,,21032,83,0,0,2,,,,,,,2,0,0,11.455,13.841,3,BW,NCTL,ND
2022-wimbledon-1701,01:51:01,3,4,4,0,9,0,159,2,2,181,,0,15,160,149,83,76,0,1,0,1,0,0,0,0,0,0,0,0,0,0,0,0,,,,,,,,,,,23000,113,0,0,2,,,,,,,1,0,0,0.963,0.914,1,W,CTL,
2022-wimbledon-1701,01:51:22,3,4,4,0,9,0,160,2,2,204,,0,30,160,153,83,77,0,1,0,1,0,0,0,0,0,0,0,0,0,0,0,0,,,,,,,,,,,23000,127,0,0,2,,,,,,,1,0,0,0.314,1.209,1,W,NCTL,
2022-wimbledon-1701,01:51:40,3,4,4,0,9,0,161,2,2,194,,0,40,160,156,83,78,0,0,0,1,0,0,0,0,0,0,0,0,0,0,0,0,,,,,,,,,,,24000,121,0,0,2,,,,,,,1,S,0,5.201,7.473,1,W,CTL,D
2022-wimbledon-1701,01:52:11,3,4,4,0,9,0,162,1,2,152,,15,40,163,156,84,78,0,0,1,0,0,0,0,0,0,1,0,0,0,0,0,0,,,,,,,,,,,11010,95,0,0,2,,,,,,,2,0,F,11.899,15.574,6,BW,NCTL,
2022-wimbledon-1701,01:52:58,3,4,4,0,9,0,163,1,2,202,,30,40,165,155,85,78,0,0,0,0,0,0,0,0,0,1,0,0,0,0,0,0,,,,,,,,,,,21430,126,0,0,2,,,,,,,1,0,0,8.564,9.047,4,BC,NCTL,ND
2022-wimbledon-1701,01:53:44,3,4,4,0,9,0,164,1,2,210,,40,40,168,155,86,78,0,0,1,0,0,0,0,0,0,0,0,0,0,0,0,0,,,,,,,,,,,11010,131,0,0,2,,,,,,,1,0,F,11.376,9.798,4,C,NCTL,D
2022-wimbledon-1701,01:54:19,3,4,4,0,9,0,165,1,2,0,,AD,40,169,151,87,78,0,0,0,0,0,1,0,1,0,0,0,0,0,0,0,0,,,,,,,,,,,25000,0,0,0,2,,,,,,,0,0,0,0.996,0.755,0,W,CTL,
2022-wimbledon-1701,01:54:55,3,5,4,0,9,1,166,1,2,168,,0,0,175,147,88,78,0,0,0,0,0,0,0,1,0,0,0,0,1,0,1,0,,,,,,,,,,,22021,105,1,0,1,,,,,,,2,0,0,8.604,9.074,2,W,CTL,ND
2022-wimbledon-1701,01:57:00,3,5,4,0,10,0,167,1,1,173,,15,0,179,147,89,78,1,0,1,0,0,0,0,0,0,0,0,0,0,0,0,0,,,,,,,,,,,13000,108,0,0,1,,,,,,,1,0,0,0.821,0.767,1,W,CTL,
2022-wimbledon-1701,01:57:21,3,5,4,0,10,0,168,1,1,186,,30,0,180,145,90,78,0,0,0,0,0,0,0,1,0,0,0,0,0,0,0,0,,,,,,,,,,,21020,116,0,0,1,,,,,,,1,0,0,4.715,5.622,3,C,NCTL,D
2022-wimbledon-1701,01:57:44,3,5,4,0,10,0,169,2,1,157,,30,15,179,147,90,79,0,0,0,0,0,0,0,0,0,0,0,0,0,0,0,0,,,,,,,,,,,11030,98,0,0,1,,,,,,,2,0,0,6.228,9.288,2,BW,NCTL,D
2022-wimbledon-1701,01:58:24,3,5,4,0,10,0,170,2,1,138,,30,30,179,150,90,80,0,0,0,1,0,0,0,0,0,0,0,0,0,0,0,0,,,,,,,,,,,21010,86,0,0,1,,,,,,,2,0,F,13.129,15.4,2,C,CTL,D
2022-wimbledon-1701,01:59:12,3,5,4,0,10,0,171,1,1,149,,40,30,181,149,91,80,0,0,0,0,0,0,0,0,0,0,0,0,0,0,0,0,,,,,,,,,,,21030,93,0,0,1,,,,,,,2,0,0,14.989,14.194,1,BW,CTL,D
2022-wimbledon-1701,02:00:10,3,6,4,1,10,1,172,1,1,131,,0,0,187,144,92,80,0,0,0,0,0,0,0,1,0,0,0,0,0,0,0,0,,,,,,,,,,,22023,82,0,0,2,,,,,,,2,0,0,6.823,4.197,1,BW,NCTL,ND
2022-wimbledon-1701,02:07:37,4,0,0,0,1,0,173,2,2,188,,0,15,187,147,92,81,0,0,0,1,0,0,0,0,0,0,0,0,0,0,0,0,,,,,,,,,,,21010,117,0,0,2,,,,,,,1,0,F,8.915,5.074,3,BW,NCTL,ND
2022-wimbledon-1701,02:08:01,4,0,0,0,1,0,174,2,2,201,,0,30,187,150,92,82,0,0,0,1,0,0,0,0,0,0,0,0,0,0,0,0,,,,,,,,,,,24000,125,0,0,2,,,,,,,1,S,0,2.386,1.022,1,C,NCTL,
2022-wimbledon-1701,02:08:17,4,0,0,0,1,0,175,2,2,172,,0,40,186,152,92,83,0,0,0,0,0,0,0,0,1,0,0,0,0,0,0,0,,,,,,,,,,,12430,107,0,0,2,,,,,,,2,0,0,25.954,27.307,9,C,NCTL,ND
2022-wimbledon-1701,02:09:05,4,0,0,0,1,0,176,1,2,194,,15,40,189,152,93,83,0,0,1,0,0,0,0,0,1,0,1,0,0,0,0,0,,,,,,,,,,,11010,121,0,0,2,,,,,,,1,0,F,25.66,23.69,8,C,NCTL,D
2022-wimbledon-1701,02:09:48,4,0,1,0,1,2,177,2,2,185,,0,0,189,157,93,84,0,0,0,1,0,0,0,0,0,0,0,0,0,0,0,0,,,,,,,,,,,22012,115,0,0,1,,,,,,,1,0,B,7.431,5.495,3,W,NCTL,ND
2022-wimbledon-1701,02:10:49,4,0,1,0,2,0,178,1,1,149,,15,0,192,157,94,84,0,0,1,0,0,0,0,0,0,0,0,0,0,0,0,0,,,,,,,,,,,12010,93,0,0,1,,,,,,,2,0,B,25.915,36.335,9,BC,NCTL,ND
2022-wimbledon-1701,02:11:38,4,0,1,0,2,0,179,1,1,172,,30,0,194,156,95,84,0,0,0,0,0,0,0,0,0,0,0,0,0,0,0,0,,,,,,,,,,,21030,107,0,0,1,,,,,,,2,0,0,29.161,37.825,9,C,NCTL,D
2022-wimbledon-1701,02:12:25,4,0,1,0,2,0,180,1,1,197,,40,0,198,156,96,84,1,0,1,0,0,0,0,0,0,0,0,0,0,0,0,0,,,,,,,,,,,13000,123,0,0,1,,,,,,,1,0,0,0.745,0.964,1,C,NCTL,
2022-wimbledon-1701,02:12:46,4,1,1,0,2,1,181,1,1,152,,0,0,203,156,97,84,0,0,1,0,0,0,0,0,0,0,0,0,0,0,0,0,,,,,,,,,,,12012,95,0,0,2,,,,,,,2,0,B,6.733,7.308,3,BW,NCTL,ND
2022-wimbledon-1701,02:13:28,4,1,1,0,3,0,182,1,2,210,,15,0,205,155,98,84,0,0,0,0,0,0,0,0,0,1,0,0,0,0,0,0,,,,,,,,,,,21030,131,0,0,2,,,,,,,1,0,0,30.258,26.228,8,C,CTL,D
2022-wimbledon-1701,02:14:01,4,1,1,0,3,0,183,2,2,204,,15,15,205,159,98,85,0,1,0,1,0,0,0,0,0,0,0,0,0,0,0,0,,,,,,,,,,,23000,127,0,0,2,,,,,,,1,0,0,0.933,0.903,1,W,CTL,
2022-wimbledon-1701,02:14:22,4,1,1,0,3,0,184,2,2,175,,15,30,205,162,98,86,0,0,0,1,0,0,0,0,0,1,0,1,0,0,0,0,,,,,,,,,,,22410,109,0,0,2,,,,,,,1,0,B,11.482,6.691,5,W,CTL,ND
2022-wimbledon-1701,02:14:53,4,1,1,0,3,0,185,2,2,202,,15,40,205,165,98,87,0,0,0,1,0,0,0,0,0,1,0,1,0,0,0,0,,,,,,,,,,,21010,126,0,0,2,,,,,,,1,0,F,4.981,3.351,3,C,NCTL,ND
2022-wimbledon-1701,02:15:21,4,1,2,0,3,2,186,2,2,178,,0,0,205,171,98,88,0,1,0,1,0,0,0,0,0,0,0,0,0,0,0,0,,,,,,,,,,,23002,111,0,0,1,,,,,,,1,0,0,1.232,0.954,1,W,CTL,
2022-wimbledon-1701,02:17:16,4,1,2,0,4,0,187,2,1,0,,0,15,201,172,98,89,0,0,0,0,1,0,1,0,0,0,0,0,0,0,0,0,,,,,,,,,,,15000,0,0,0,1,,,,,,,0,0,0,0,0,0,,,
2022-wimbledon-1701,02:17:49,4,1,2,0,4,0,188,1,1,191,,15,15,204,172,99,89,0,0,1,0,0,0,0,0,1,0,1,0,0,0,0,0,,,,,,,,,,,11010,119,0,0,1,,,,,,,1,0,F,26.25,29.449,9,W,CTL,D
2022-wimbledon-1701,02:18:28,4,1,2,0,4,0,189,1,1,138,,30,15,205,170,100,89,0,0,0,0,0,0,0,1,0,0,0,0,0,0,0,0,,,,,,,,,,,21020,86,0,0,1,,,,,,,2,0,0,1.027,0.629,1,BW,NCTL,
2022-wimbledon-1701,02:19:09,4,1,2,0,4,0,190,1,1,191,,40,15,209,170,101,89,1,0,1,0,0,0,0,0,0,0,0,0,0,0,0,0,,,,,,,,,,,13000,119,0,0,1,,,,,,,1,0,0,0.728,0.758,1,W,CTL,
2022-wimbledon-1701,02:19:29,4,2,2,0,4,1,191,1,1,143,,0,0,212,168,102,89,0,0,0,0,0,0,0,1,0,0,0,0,0,0,0,0,,,,,,,,,,,22022,89,0,0,2,,,,,,,2,0,0,9.297,11.33,3,C,NCTL,D
2022-wimbledon-1701,02:20:46,4,2,2,0,5,0,192,2,2,201,,0,15,211,170,102,90,0,0,0,0,0,0,0,0,0,0,0,0,0,0,0,0,,,,,,,,,,,12030,125,0,0,2,,,,,,,1,0,0,8.304,9.537,1,C,NCTL,ND
2022-wimbledon-1701,02:21:04,4,2,2,0,5,0,193,2,2,159,,0,30,210,172,102,91,0,0,0,0,0,0,0,0,0,0,0,0,0,0,0,0,,,,,,,,,,,12030,99,0,0,2,,,,,,,2,0,0,4.339,3.755,1,W,NCTL,D
2022-wimbledon-1701,02:21:46,4,2,2,0,5,0,194,2,2,204,,0,40,210,176,102,92,0,1,0,1,0,0,0,0,0,0,0,0,0,0,0,0,,,,,,,,,,,23000,127,0,0,2,,,,,,,1,0,0,0.599,1.199,1,C,NCTL,
2022-wimbledon-1701,02:22:03,4,2,2,0,5,0,195,1,2,196,,15,40,213,176,103,92,0,0,1,0,0,0,0,0,1,0,1,0,0,0,0,0,,,,,,,,,,,12410,122,0,0,2,,,,,,,1,0,B,20.811,16.797,6,W,CTL,ND
2022-wimbledon-1701,02:22:41,4,2,2,0,5,0,196,1,2,210,,30,40,215,175,104,92,0,0,0,0,0,0,0,0,0,1,0,0,0,0,0,0,,,,,,,,,,,21030,131,0,0,2,,,,,,,1,0,0,9.863,16.138,4,C,NCTL,D
2022-wimbledon-1701,02:23:27,4,2,3,0,5,2,197,2,2,207,,0,0,215,180,104,93,0,0,0,1,0,0,0,0,0,0,0,0,0,0,0,0,,,,,,,,,,,21012,129,0,0,1,,,,,,,1,0,F,7.701,7.672,3,W,NCTL,ND
2022-wimbledon-1701,02:25:24,4,2,3,0,6,0,198,1,1,196,,15,0,217,179,105,93,0,0,0,0,0,0,0,0,0,0,0,0,0,0,0,0,,,,,,,,,,,22030,122,0,0,1,,,,,,,1,0,0,8.348,8.227,1,C,CTL,ND
2022-wimbledon-1701,02:25:45,4,2,3,0,6,0,199,1,1,186,,30,0,220,179,106,93,0,0,1,0,0,0,0,0,1,0,1,0,0,0,0,0,,,,,,,,,,,12010,116,0,0,1,,,,,,,1,0,B,7.557,9.305,3,BW,NCTL,ND
2022-wimbledon-1701,02:26:15,4,2,3,0,6,0,200,1,1,172,,40,0,224,179,107,93,1,0,1,0,0,0,0,0,0,0,0,0,0,0,0,0,,,,,,,,,,,13000,107,0,0,1,,,,,,,1,0,0,0.477,0.853,1,W,CTL,
2022-wimbledon-1701,02:26:33,4,3,3,0,6,1,201,1,1,193,,0,0,229,179,108,93,0,0,1,0,0,0,0,0,1,0,1,0,0,0,0,0,,,,,,,,,,,11412,120,0,0,2,,,,,,,1,0,F,13.075,13.936,3,W,NCTL,
2022-wimbledon-1701,02:27:15,4,3,3,0,7,0,202,2,2,201,,0,15,229,183,108,94,0,1,0,1,0,0,0,0,0,0,0,0,0,0,0,0,,,,,,,,,,,23000,125,0,0,2,,,,,,,1,0,0,0.384,0.791,1,C,NCTL,
2022-wimbledon-1701,02:27:35,4,3,3,0,7,0,203,1,2,0,,15,15,230,179,109,94,0,0,0,0,0,1,0,1,0,0,0,0,0,0,0,0,,,,,,,,,,,25000,0,0,0,2,,,,,,,0,0,0,5.818,4.943,0,BC,CTL,ND
2022-wimbledon-1701,02:28:07,4,3,3,0,7,0,204,2,2,181,,15,30,229,181,109,95,0,0,0,0,0,0,0,0,0,0,0,0,0,0,0,0,,,,,,,,,,,12030,113,0,0,2,,,,,,,2,0,0,3.809,4.863,1,BC,NCTL,D
2022-wimbledon-1701,02:28:44,4,3,3,0,7,0,205,2,2,191,,15,40,229,184,109,96,0,0,0,1,0,0,0,0,0,0,0,0,0,0,0,0,,,,,,,,,,,22410,119,0,0,2,,,,,,,1,0,B,21.662,12.91,7,C,NCTL,ND
2022-wimbledon-1701,02:30:09,4,3,4,0,7,2,206,2,2,204,,0,0,228,188,109,97,0,0,0,0,0,0,0,0,0,0,0,0,0,0,0,0,,,,,,,,,,,12032,127,0,0,1,,,,,,,1,0,0,6.011,5.381,1,C,CTL,D
2022-wimbledon-1701,02:32:03,4,3,4,0,8,0,207,1,1,146,,15,0,229,186,110,97,0,0,0,0,0,0,0,1,0,0,0,0,0,0,0,0,,,,,,,,,,,22020,91,0,0,1,,,,,,,2,0,0,11.054,12.381,5,B,NCTL,ND
2022-wimbledon-1701,02:32:47,4,3,4,0,8,0,208,1,1,165,,30,0,230,184,111,97,0,0,0,0,0,0,0,1,0,0,0,0,0,0,0,0,,,,,,,,,,,22020,103,0,0,1,,,,,,,2,0,0,33.511,40.163,13,BC,NCTL,ND
2022-wimbledon-1701,02:33:45,4,3,4,0,8,0,209,1,1,167,,40,0,234,184,112,97,1,0,1,0,0,0,0,0,0,0,0,0,0,0,0,0,,,,,,,,,,,13000,104,0,0,1,,,,,,,1,0,0,0.925,0.751,1,W,CTL,
2022-wimbledon-1701,02:34:04,4,4,4,0,8,1,210,1,1,173,,0,0,238,183,113,97,0,0,0,0,0,0,0,0,0,0,0,0,0,0,0,0,,,,,,,,,,,22032,108,0,0,2,,,,,,,2,0,0,20.071,21.388,7,C,NCTL,ND
2022-wimbledon-1701,02:35:05,4,4,4,0,9,0,211,2,2,188,,0,15,238,187,113,98,0,1,0,1,0,0,0,0,0,0,0,0,0,0,0,0,,,,,,,,,,,23000,117,0,0,2,,,,,,,1,0,0,0.631,1.041,1,W,NCTL,
2022-wimbledon-1701,02:35:27,4,4,4,0,9,0,212,2,2,175,,0,30,237,189,113,99,0,0,0,0,0,0,0,0,0,1,0,1,0,0,0,0,,,,,,,,,,,12030,109,0,0,2,,,,,,,1,0,0,5.08,9.355,1,W,CTL,ND
2022-wimbledon-1701,02:35:48,4,4,4,0,9,0,213,1,2,189,,15,30,240,189,114,99,0,0,1,0,0,0,0,0,0,0,0,0,0,0,0,0,,,,,,,,,,,12010,118,0,0,2,,,,,,,2,0,B,6.023,8.156,4,C,NCTL,
2022-wimbledon-1701,02:36:41,4,4,4,0,9,0,214,1,2,193,,30,30,243,189,115,99,0,0,1,0,0,0,0,0,0,0,0,0,0,0,0,0,,,,,,,,,,,11010,120,0,0,2,,,,,,,1,0,F,7.944,7.535,4,BC,NCTL,D
2022-wimbledon-1701,02:37:14,4,4,4,0,9,0,215,2,2,207,,30,40,243,193,115,100,0,1,0,1,0,0,0,0,0,0,0,0,0,0,0,0,,,,,,,,,,,23000,129,0,0,2,,,,,,,1,0,0,0.508,0.475,1,C,NCTL,
2022-wimbledon-1701,02:37:45,4,4,5,0,9,2,216,2,2,215,,0,0,242,197,115,101,0,0,0,0,0,0,0,0,0,0,0,0,0,0,0,0,,,,,,,,,,,11032,134,0,0,1,,,,,,,1,0,0,8.166,6.986,1,C,NCTL,ND
2022-wimbledon-1701,02:39:44,4,4,5,0,10,0,217,2,1,0,,0,15,238,198,115,102,0,0,0,0,1,0,1,0,0,0,0,0,0,0,0,0,,,,,,,,,,,15000,0,0,0,1,,,,,,,0,0,0,0,0,0,,,
2022-wimbledon-1701,02:40:20,4,4,5,0,10,0,218,1,1,185,,15,15,240,197,116,102,0,0,0,0,0,0,0,0,0,1,0,0,0,0,0,0,,,,,,,,,,,22430,115,0,0,1,,,,,,,1,0,0,20.002,20.533,5,C,CTL,D
2022-wimbledon-1701,02:40:53,4,4,5,0,10,0,219,1,1,194,,30,15,243,197,117,102,0,0,1,0,0,0,0,0,0,0,0,0,0,0,0,0,,,,,,,,,,,14000,121,0,0,1,,,,,,,1,S,0,0,0,1,,,
2022-wimbledon-1701,02:41:17,4,4,5,0,10,0,220,1,1,173,,40,15,245,196,118,102,0,0,0,0,0,0,0,0,0,0,0,0,0,0,0,0,,,,,,,,,,,21030,108,0,0,1,,,,,,,2,0,0,12.359,16.047,5,C,CTL,D
2022-wimbledon-1701,02:42:01,4,4,5,0,10,0,221,2,1,143,,40,30,245,199,118,103,0,0,0,1,0,0,0,0,0,1,0,1,0,0,0,0,,,,,,,,,,,22010,89,0,0,1,,,,,,,2,0,B,1.167,1.758,2,B,NCTL,
2022-wimbledon-1701,02:42:40,4,5,5,0,10,1,222,1,1,197,,0,0,251,199,119,103,1,0,1,0,0,0,0,0,0,0,0,0,0,0,0,0,,,,,,,,,,,13002,123,0,0,2,,,,,,,1,0,0,0.739,0.407,1,W,CTL,
2022-wimbledon-1701,02:43:14,4,5,5,0,11,0,223,2,2,197,,0,15,250,201,119,104,0,0,0,0,0,0,0,0,1,0,0,0,0,0,0,0,,,,,,,,,,,12030,123,0,0,2,,,,,,,2,0,0,16.572,12.514,5,C,NCTL,D
2022-wimbledon-1701,02:43:56,4,5,5,0,11,0,224,1,2,154,,15,15,252,200,120,104,0,0,0,0,0,0,0,0,0,1,0,0,0,0,0,0,,,,,,,,,,,22430,96,0,0,2,,,,,,,2,0,0,3.288,5.782,2,W,CTL,ND
2022-wimbledon-1701,02:44:52,4,5,5,0,11,0,225,2,2,168,,15,30,252,203,120,105,0,0,0,1,0,0,0,0,0,1,0,1,0,0,0,0,,,,,,,,,,,21510,105,0,0,2,,,,,,,2,0,F,12.01,7.229,5,W,CTL,ND
2022-wimbledon-1701,02:45:47,4,5,5,0,11,0,226,2,2,152,,15,40,250,204,120,106,0,0,0,0,0,0,1,0,0,0,0,0,0,0,0,0,,,,,,,,,,,12020,95,0,0,2,,,,,,,2,0,0,26.975,23.506,5,W,NCTL,D
2022-wimbledon-1701,02:46:32,4,5,5,0,11,0,227,1,2,197,,30,40,251,202,121,106,0,0,0,0,0,0,0,1,0,0,0,0,0,0,0,0,,,,,,,,,,,21020,123,0,0,2,,,,,,,2,0,0,7.89,6.657,2,C,NCTL,ND
2022-wimbledon-1701,02:47:53,4,5,6,0,11,2,228,2,2,209,,0,0,251,208,121,107,0,1,0,1,0,0,0,0,0,0,0,0,0,0,0,0,,,,,,,,,,,23002,130,0,0,1,,,,,,,1,0,0,0.609,0.939,1,W,CTL,
2022-wimbledon-1701,02:49:54,4,5,6,0,12,0,229,2,1,149,,0,15,249,209,121,108,0,0,0,0,0,0,1,0,1,0,0,0,0,0,0,0,,,,,,,,,,,12020,93,0,0,1,,,,,,,2,0,0,10.855,19.669,4,W,CTL,ND
2022-wimbledon-1701,02:50:41,4,5,6,0,12,0,230,1,1,188,,15,15,251,208,122,108,0,0,0,0,0,0,0,0,0,0,0,0,0,0,0,0,,,,,,,,,,,22030,117,0,0,1,,,,,,,1,0,0,6.04,5.562,3,B,NCTL,ND
2022-wimbledon-1701,02:51:09,4,5,6,0,12,0,231,1,1,194,,30,15,254,208,123,108,0,0,1,0,0,0,0,0,0,0,0,0,0,0,0,0,,,,,,,,,,,11010,121,0,0,1,,,,,,,1,0,F,2.9,4.41,3,C,NCTL,ND
2022-wimbledon-1701,02:51:37,4,5,6,0,12,0,232,2,1,194,,30,30,252,209,123,109,0,0,0,0,0,0,1,0,0,0,0,0,0,0,0,0,,,,,,,,,,,12020,121,0,0,1,,,,,,,1,0,0,7.361,7.816,2,W,NCTL,D
2022-wimbledon-1701,02:52:11,4,5,6,0,12,0,233,1,1,152,,40,30,254,208,124,109,0,0,0,0,0,0,0,0,0,0,0,0,0,0,0,0,,,,,,,,,,,21030,95,0,0,1,,,,,,,2,0,0,0,0,1,,,
2022-wimbledon-1701,02:53:00,4,6,6,0,12,1,234,1,1,191,,0,0,258,207,125,109,0,0,0,0,0,0,0,0,0,0,0,0,0,0,0,0,,,,,,,,,,,21032,119,0,0,2,,,,,,,1,0,0,14.394,20.264,5,C,NCTL,ND
2022-wimbledon-1701,02:54:07,4,6,6,0,13,0,235,1,2,0,,1,0,259,203,126,109,0,0,0,0,0,1,0,1,0,0,0,0,0,0,0,0,,,,,,,,,,,25000,0,0,0,1,,,,,,,0,0,0,0.633,0.561,0,C,NCTL,
2022-wimbledon-1701,02:55:33,4,6,6,0,13,0,236,1,1,193,,2,0,262,203,127,109,0,0,1,0,0,0,0,0,1,0,1,0,0,0,0,0,,,,,,,,,,,11410,120,0,0,1,,,,,,,1,0,F,16.55,18.423,7,B,NCTL,ND
2022-wimbledon-1701,02:56:11,4,6,6,0,13,0,237,2,1,180,,2,1,260,204,127,110,0,0,0,0,0,0,1,0,0,0,0,0,0,0,0,0,,,,,,,,,,,11020,112,0,0,2,,,,,,,1,0,0,2.803,3.177,2,W,NCTL,ND
2022-wimbledon-1701,02:56:52,4,6,6,0,13,0,238,1,2,206,,3,1,261,202,128,110,0,0,0,0,0,0,0,1,0,0,0,0,0,0,0,0,,,,,,,,,,,21020,128,0,0,2,,,,,,,1,0,0,39.497,45.238,12,BW,NCTL,D
2022-wimbledon-1701,02:57:43,4,6,6,0,13,0,239,1,2,186,,4,1,262,200,129,110,0,0,0,0,0,0,0,1,0,0,0,0,0,0,0,0,,,,,,,,,,,22020,116,0,0,1,,,,,,,1,0,0,4.316,3.314,2,BW,NCTL,ND
2022-wimbledon-1701,02:58:26,4,6,6,0,13,0,240,1,1,186,,5,1,263,198,130,110,0,0,0,0,0,0,0,1,0,0,0,0,0,0,0,0,,,,,,,,,,,21020,116,0,0,1,,,,,,,1,0,0,8.459,8.145,3,C,NCTL,D
2022-wimbledon-1701,02:59:28,4,6,6,0,13,0,241,1,1,181,,6,1,264,196,131,110,0,0,0,0,0,0,0,1,0,0,0,0,0,0,0,0,,,,,,,,,,,22020,113,0,0,2,,,,,,,1,0,0,43.444,49.606,15,BW,NCTL,ND
2022-wimbledon-1701,03:00:24,4,6,6,0,13,0,242,2,2,202,,6,2,264,199,131,111,0,0,0,1,0,0,0,0,0,1,0,1,0,0,0,0,,,,,,,,,,,21010,126,0,0,2,,,,,,,1,0,F,6.078,8.056,3,BW,NCTL,ND
2022-wimbledon-1701,03:00:47,4,6,6,0,13,0,243,2,2,173,,6,3,264,203,131,112,0,1,0,1,0,0,0,0,0,0,0,0,0,0,0,0,,,,,,,,,,,23000,108,0,0,1,,,,,,,1,0,0,0.676,0.735,1,W,CTL,
2022-wimbledon-1701,03:01:27,4,7,6,1,13,1,244,1,1,185,,0,0,271,199,132,112,0,0,0,0,0,0,0,0,1,0,1,0,0,0,0,0,,,,,,,,,,,22034,115,0,0,2,,,,,,,1,0,0,33.37,37.622,9,C,NCTL,ND
